<?xml version="1.0" encoding="UTF-8"?>

<beans 
    xmlns="http://www.springframework.org/schema/beans" 
    xmlns:lang="http://www.springframework.org/schema/lang" 
    xmlns:xsi="http://www.w3.org/2001/XMLSchema-instance"
	xsi:schemaLocation="http://www.springframework.org/schema/beans http://www.springframework.org/schema/beans/spring-beans.xsd
                                         http://www.springframework.org/schema/lang http://www.springframework.org/schema/lang/spring-lang.xsd">

	<!-- ========================= SCHEDULE DEFINITIONS ========================= -->
         
	<!--  <bean id="taskExecutor" class="org.springframework.scheduling.concurrent.ThreadPoolTaskExecutor"/> -->
	     
	 <bean name="tweetDataProcess" class="org.springframework.scheduling.quartz.JobDetailBean">
	      	<property name="jobClass">
	        	<value>com.ntels.nidp.handler.batch.TweetBatchProcess</value>
	      	</property>
	      	<!-- <property name="taskExecutor" ref="taskExecutor"/> -->
	      	<!-- <property name="jobDataAsMap">
	        <map>
	       	   <entry key="hadoopConfiguration"><ref bean="hadoopConfiguration" /></entry>
	        </map>
		</property>   -->
	</bean>
    
	<bean id="cronTrigger1" class="org.springframework.scheduling.quartz.CronTriggerBean">
	  <property name="jobDetail">
	  	<ref bean="tweetDataProcess"/>
	  </property>
	  <property name="cronExpression">
	    <value>0 0/2 * * * ?</value>		<!-- 2분 00초 주기로 수행 -->
	  </property>
	</bean>
	
	<bean class="org.springframework.scheduling.quartz.SchedulerFactoryBean" >
	  <property name="triggers">
	    <list>
	    <!--   <ref local="cronTrigger1"/> -->
	      
	    </list>
	  </property>
	</bean>
</beans>
