<?xml version="1.0" encoding="UTF-8"?>

<!-- <beans xmlns="http://www.springframework.org/schema/beans" xmlns:xsi="http://www.w3.org/2001/XMLSchema-instance"
	xmlns:context="http://www.springframework.org/schema/context"
	xmlns:mvc="http://www.springframework.org/schema/mvc"
	xsi:schemaLocation="http://www.springframework.org/schema/beans http://www.springframework.org/schema/beans/spring-beans.xsd
		http://www.springframework.org/schema/context http://www.springframework.org/schema/context/spring-context.xsd">
     -->
<beans xmlns="http://www.springframework.org/schema/beans" xmlns:xsi="http://www.w3.org/2001/XMLSchema-instance"
	xmlns:mvc="http://www.springframework.org/schema/mvc" xmlns:context="http://www.springframework.org/schema/context"
	xsi:schemaLocation="http://www.springframework.org/schema/mvc http://www.springframework.org/schema/mvc/spring-mvc-3.2.xsd
		http://www.springframework.org/schema/beans http://www.springframework.org/schema/beans/spring-beans-3.2.xsd
		http://www.springframework.org/schema/context http://www.springframework.org/schema/context/spring-context-3.2.xsd">

    
	<!-- Enables the Spring MVC @Controller programming model -->
	  <mvc:annotation-driven/>

   	<!-- Handles HTTP GET requests for /resources/** by efficiently serving up static resources in the ${webappRoot}/resources/ directory -->
  
  	<bean class="org.springframework.web.servlet.view.InternalResourceViewResolver">
		<!-- Example: a logical view name of 'showMessage' is mapped to '/WEB-INF/jsp/showMessage.jsp' -->
	    <property name="prefix" value="/WEB-INF/view/"/>
	    <property name="suffix" value=".jsp"/>
	    <property name="order" value="1"/>
	</bean>
	
	<bean class="org.springframework.web.servlet.view.BeanNameViewResolver">
	      	<property name="order" value="0"/>
	</bean>
	<bean id="downloadView" class="com.ntels.nidp.mvc.comp.view.DownloadView"/>
	
	<bean class="org.springframework.web.servlet.mvc.annotation.DefaultAnnotationHandlerMapping">
            <property name="alwaysUseFullPath" value="true" />
            <property name="interceptors">
                 <list>
                        <ref bean="localeChangeInterceptor" />
                  </list>
            </property>
        </bean>
        
        <!--   <bean id="annotationHandlerMapping" class="org.springframework.web.servlet.mvc.annotation.DefaultAnnotationHandlerMapping">
                <property name="order" value="1" />
                <property name="interceptors">
	        <list>
	            <ref bean="logHandlerInterceptor" />
	        </list>  
        	</property>
        </bean> -->
        
	<!-- 캐시 Set -->
	<import resource="cache-config.xml" />
	
	<!-- HDFSIF Property 초기화 hskang 추가 2013.11.02 --> 	
	<bean name="HdfsPropertiesService" class="com.ntels.nidp.common.config.HdfsPropertyManager" init-method="init" scope="singleton" />
	<!-- 

	<bean name="configPropertiesService" class="skp.hrwp.coconfig.util.ConfigurationPropertyManager" init-method="init" scope="singleton" />
	 -->
	 
<!-- ========================= CONTROLLER RELATED DEFINITIONS ========================= -->

    <bean id="localeResolver" class="org.springframework.web.servlet.i18n.AcceptHeaderLocaleResolver" />

    <bean id="themeResolver" class="org.springframework.web.servlet.theme.CookieThemeResolver">
        <property name="defaultThemeName" value="spring" />
    </bean>

    <bean id="localeChangeInterceptor" class="org.springframework.web.servlet.i18n.LocaleChangeInterceptor" />

    <bean id="themeChangeInterceptor" class="org.springframework.web.servlet.theme.ThemeChangeInterceptor" />

	<bean id="multipartResolver" class="org.springframework.web.multipart.commons.CommonsMultipartResolver">
        	<property name="defaultEncoding" value="UTF-8" />
    		<!-- <property name="uploadTempDir" ref="uploadDirResource" /> -->
	</bean>
	
	<!-- <bean id="uploadDirResource" class="org.springframework.core.io.FileSystemResource">
		<constructor-arg> -->
			<!-- value>d:/tmp/fileupload/temp</value-->
	<!-- 		<value>temp/</value> -->
			<!-- <value>C:/temp</value>-->
			
			<!-- value>d:/tmp/fileupload/temp</value-->
			<!-- <value>C:/temp</value> -->
	<!-- 	</constructor-arg>
	</bean> -->

    <!-- ========================= URL MAPPING ========================= -->
    
   <!--   <bean id="urlMapping" 
            class="org.springframework.web.servlet.handler.SimpleUrlHandlerMapping">

        <property name="mappings">
            <value>
                /testController.do=testController
             </value>

        </property>
    </bean>  -->
	
    <!--=================== CONTROLLER DEFINITIONS ============================-->
    <bean id="methodNameResolver" class="org.springframework.web.servlet.mvc.multiaction.ParameterMethodNameResolver">
		<property name="paramName">
			<value>method</value>
		</property>
		<property name="defaultMethodName">
			<value>list</value>
		</property>
	</bean>
	<bean id="exceptionResolver" class="org.springframework.web.servlet.handler.SimpleMappingExceptionResolver">
		<property name="exceptionMappings">
			<props>
				<prop key="SSOException">/error/error</prop>
			</props>
		</property>
	</bean>
    
	<!-- <bean id="testController" class="skp.hrwp.mvc.test.controller.TestController">
        <property name="sysProps" ref="sysProps" />
        <property name="testService" ref="testService" />
    </bean> -->


	<!-- <bean name="hadoopPropertiesService" class="com.ntels.nidp.common.config.HdfsPropertyManager" init-method="init" scope="singleton" />

	<bean id="hadoopConfiguration" class="skp.hrwp.qc.common.QCConfiguration">
		<property name="qcDAO" ref="qcDAO" />
		<property name="hadoopPropertiesService" ref="hadoopPropertiesService" />
	</bean> -->
	
	<!-- HDFSIF Property 초기화 hskang 추가 2013.1.02 --> 	
	<!-- <bean name="HdfsPropertiesService" class="com.ntels.nidp.common.config.HdfsPropertyManager" init-method="init" scope="singleton" /> -->

	<!-- <bean name="configPropertiesService" class="com.ntels.nidp.common.config.ConfigurationPropertyManager" init-method="init" scope="singleton" />
	 -->
	<!-- <bean id="configuration" class="com.ntels.nidp.common.config.Configuration">
	    <property name="configPropertiesService" ref="configPropertiesService" />
	</bean> -->

	<!-- <bean id="webHDFS" class="skp.hrwp.hdfs.webhdfs.WebHDFS">
	    <property name="configPropertiesService" ref="configPropertiesService" />
	</bean>
	 -->
	
</beans>
