<?xml version="1.0" encoding="UTF-8"?>
<b:beans xmlns="http://www.springframework.org/schema/mvc"
  xmlns:xsi="http://www.w3.org/2001/XMLSchema-instance"
  xmlns:b="http://www.springframework.org/schema/beans"
  xmlns:p="http://www.springframework.org/schema/p"
  xmlns:context="http://www.springframework.org/schema/context"
  xmlns:util="http://www.springframework.org/schema/util"
  xsi:schemaLocation="http://www.springframework.org/schema/mvc http://www.springframework.org/schema/mvc/spring-mvc-3.2.xsd
    http://www.springframework.org/schema/beans http://www.springframework.org/schema/beans/spring-beans-3.2.xsd
    http://www.springframework.org/schema/context http://www.springframework.org/schema/context/spring-context-3.2.xsd
    http://www.springframework.org/schema/util 
    http://www.springframework.org/schema/util/spring-util-3.2.xsd
    ">

	<!-- <context:component-scan base-package="org.springframework.security.samples.servletapi.mvc" />
 	<context:component-scan     base-package="com.ntels.nidp.mvc.comp.user.controller"/> 
 	<context:component-scan     base-package="com.ntels.nidp.mvc.comp.twitter.controller"/> 
 	 -->
 	<!--
                base-package로 부터 스캔을 할 때, spring mvc에 관련된 Controller 타입만  스캔 한다.
	   	기본 필터의 사용을 false로 지정하면 @Component, @Repository, @Service, @Controller
 		노테이션을 사용하는 클래스를 bean으로 인식하지 않는다.
 		추가 : 2013. 11. 20 by hskang
         -->
 	<context:component-scan base-package="com.ntels.nidp.mvc" use-default-filters="true">
                <context:include-filter type="annotation" expression="org.springframework.stereotype.Controller" />
        </context:component-scan>
  <!-- Enables the Spring MVC @Controller programming model -->
  <annotation-driven/>
  <!-- Spring Annotation hskang 추가 2013.11.14 --> 	
<!-- 	<context:component-scan base-package="com.ntels.nidp.mvc" scoped-proxy="targetClass">
		<context:exclude-filter type="annotation" expression="org.springframework.stereotype.Controller" />
	</context:component-scan>
	
	<context:component-scan base-package="com.ntels.nidp.mvc">
                <context:include-filter type="aspectj" expression="com.ntels.nidp.mvc..*.*" />
        </context:component-scan> -->

  <!-- Handles HTTP GET requests for /resources/** by efficiently serving up static resources in the ${webappRoot}/resources/ directory -->
  <resources mapping="/resources/**" location="/resources/" />
  <resources mapping="/webapp/resources/**" location="/resources/" />
  <resources mapping="/**.html" location="/" />
  <resources mapping="/webapp/WEB-INF/test/**" location="/test" />
  <resources mapping="/pulsek/**" location="/pulsek/" />
	<resources mapping="/tweettrend/**" location="/tweettrend/" />
	<resources mapping="/topsy/**" location="/topsy/" />
	<resources mapping="/twr/**" location="/twr/" />
	<resources mapping="/service/**" location="/service/" />
  <!-- <util:properties id="properties" location="/WEB-INF/classes/conf/nidp-properties.xml"/> -->

  <!-- Resolves views selected for rendering by @Controllers to .jsp resources in the /WEB-INF/views directory -->
  <b:bean class="org.springframework.web.servlet.view.InternalResourceViewResolver"
      p:prefix="/WEB-INF/view/"
      p:suffix=".jsp" 
      p:contentType="text/html; charset=UTF-8"
      p:order="1"
      />
  
    <!--
                @RequestMapping어노테이션을 이용하여 요청을 처리할 컨트롤러사용
                2013. 11. 20 added 
         -->
      <!--   <b:bean id="annotationHandlerMapping" class="org.springframework.web.servlet.mvc.annotation.DefaultAnnotationHandlerMapping">
                <b:property name="order" value="1" />
                <b:property name="interceptors">
	        <b:list>
	            <b:ref bean="logHandlerInterceptor" />
	        </b:list>  
        	</b:property>
        </b:bean> -->

</b:beans>