<?xml version="1.0" encoding="UTF-8"?>
<!DOCTYPE mapper PUBLIC "-//mybatis.org//DTD Mapper 3.0//EN"
 "http://mybatis.org/dtd/mybatis-3-mapper.dtd">


<mapper namespace="com.ntels.nidp.mvc.comp.hive.dao.AnalyzermetaDao">

<resultMap id="analyzermeta" type="com.ntels.nidp.mvc.comp.hive.domain.AnalyzermetaVo">
	
<result property="analyzeseq" column="analyzeseq"/>
<result property="modname" column="modname"/>
<result property="classpath" column="classpath"/>
<result property="dataid" column="dataid"/>
<result property="dataifid" column="dataifid"/>
<result property="indexid" column="indexid"/>
<result property="useyn" column="useyn"/>
<result property="createid" column="createid"/>
<result property="createdt" column="createdt"/>
<result property="moduleid" column="moduleid"/>
<result property="anlmodtype" column="anlmodtype"/>

</resultMap>

<insert id="insertAnalyzermeta">
  INSERT
     T_ANALYZERMETA
     	(
 	modname
 	,classpath
 	,dataid
 	,dataifid
 	,indexid
 	,useyn
 	,createid
 	,createdt
 	,moduleid
 	,anlmodtype
	)
  VALUES
     	(
 	#{modname}
 	,#{classpath}
 	,#{dataid}
 	,#{dataifid}
 	,#{indexid}
 	,#{useyn}
 	,#{createid}
 	,sysdate()
 	,#{moduleid}
 	,#{anlmodtype}
	)
</insert>  

<update id="update">
  UPDATE
     T_ANALYZERMETA
  SET
     	(
 	modname = #{modname}
 	,classpath = #{classpath}
 	,dataid = #{dataid}
 	,dataifid = #{dataifid}
 	,indexid = #{indexid}
 	,useyn = #{useyn}
 	,createid = #{createid}
 	,moduleid = #{moduleid}
 	,anlmodtype = #{anlmodtype}
	)
  WHERE
     analyzeseq = #{analyzeseq}
</update>

<select id="getAnalyzermetaListAll" resultType="com.ntels.nidp.mvc.comp.hive.domain.AnalyzermetaVo">
  SELECT 
    *
  FROM 
     T_ANALYZERMETA
  ORDER BY 
     analyzeseq DESC
</select>

<select id="getAnalyzermetaById" resultType="com.ntels.nidp.mvc.comp.hive.domain.AnalyzermetaVo">
  SELECT 
    *
  FROM 
     T_ANALYZERMETA
  WHERE
     analyzeseq = #{analyzeseq}
</select>

<delete id="deleteAnalyzerMetaByDataId" parameterType="int">
	DELETE
	FROM 
    	T_ANALYZERMETA
    WHERE
    	dataId = #{dataId}
</delete>
     
</mapper>