<?xml version="1.0" encoding="UTF-8"?>
<!DOCTYPE mapper PUBLIC "-//mybatis.org//DTD Mapper 3.0//EN"

 "http://mybatis.org/dtd/mybatis-3-mapper.dtd">

<!--	파일명 : authrole.xml 내용 : agentInfo SQL정의 콜랙터 관련 insert,select,update,delete
		작성자 : jhlim 
		작성일 : 2013.12.13 
 		개정이력 : 임시 
 -->

<mapper namespace="com.ntels.nidp.mvc.comp.agent.dao.AgentDao">
	
	<resultMap id="authRoleVo" type="com.ntels.nidp.mvc.comp.authrole.domain.AuthRoleVo">
		<result property="roleNo" 		column="ROLENO" />
		<result property="roleNm" 		column="ROLENM" />
		<result property="roleDesc" 	column="ROLEDESC" />
		<result property="useYn" 		column="USEYN" />
		<result property="createUser" 	column="CREATEUSER" />
		<result property="createDt" 	column="CREATEDT" />
		<result property="updateUser" 	column="UPDATEUSER" />
		<result property="updateDt" 	column="UPDATEDT" />
	</resultMap>

	<insert id="insertAuthRole">
		INSERT
			T_AUTHROLE
			(
			ROLENO
			,ROLENM
			,ROLEDESC
			,USEYN
			,CREATEUSER
			,CREATEDT
			,UPDATEUSER
			,UPDATEDT
			)
		VALUES
			(
			#{roleNo		, jdbcType=INTEGER}
			,#{roleNm		, jdbcType=VARCHAR}
			,#{roleDesc		, jdbcType=VARCHAR}
			,#{useYn		, jdbcType=INTEGER}
			,#{createUser	, jdbcType=INTEGER}
			,sysdate()
			,#{createUser	, jdbcType=INTEGER}
			,sysdate()
			)
	</insert>
	
	<update id="updateAuthRole">
		UPDATE
			T_AUTHROLE
		SET
			,ROLENM		=#{roleNm		, jdbcType=VARCHAR}
			,ROLEDESC	=#{roleDesc		, jdbcType=VARCHAR}
			,USEYN		=#{useYn	 	, jdbcType=INTEGER}
			,UPDATEUSER	=#{createUser	, jdbcType=INTEGER}
			,UPDATEDT	=sysdate()
		WHERE
			ROLENO		=#{roleNo		, jdbcType=INTEGER}
	</update>
	
	<delete id="deleteAuthRole">
		DELETE
		FROM
			T_AUTHROLE
		WHERE
			ROLENO		=#{roleNo		, jdbcType=INTEGER}
	</delete>
	
	<select id="selectAuthRoleAll" resultMap="authRoleVo">
		SELECT 
			*
		FROM 
			T_AUTHROLE
		ORDER BY 
			ROLENO DESC
	</select>
	
	<select id="selectAuthRolebyId" resultMap="authRoleVo">
		SELECT 
			*
		FROM 
			T_AUTHROLE
		WHERE
			ROLENO		=#{roleNo		, jdbcType=INTEGER}
	</select>

</mapper>
