<?xml version="1.0" encoding="UTF-8"?>
<!DOCTYPE mapper PUBLIC "-//mybatis.org//DTD Mapper 3.0//EN"

 "http://mybatis.org/dtd/mybatis-3-mapper.dtd">


<!--	파일명 : collect.xml 내용 : collectInfo SQL정의 콜랙터 관련 insert,update,delete,select 
		작성자 : jhlim 
		작성일 : 2013.12.13 
 		개정이력 : 임시 
 -->
 
<mapper namespace="com.ntels.nidp.mvc.comp.collect.dao.CollectDao">
	
	<resultMap id="collectVo" type="com.ntels.nidp.mvc.comp.collect.domain.CollectVo">
		<result property="dataId" 			column="DATAID" />
		<result property="agentId" 			column="AGENTID" />
		<result property="dataCode" 		column="DATACODE" />
		<result property="dataName" 		column="DATANAME" />
		<result property="dataType" 		column="DATATYPE" />
		<result property="dataUrl" 			column="DATAURL" />
		<result property="dataMimeType" 	column="DATA_MIMETYPE" />
		<result property="dataHeader" 		column="DATAHEADER" />
		<result property="dataDelimiter" 	column="DATA_DELIMITER" />	
		<result property="lineDelimiter"	column="LINE_DELIMITER" />
		<result property="itemCnt" 			column="ITEMCNT" />
		<result property="period" 			column="PERIOD" />
		<result property="maxSize" 			column="MAXSIZE" />
		<result property="url" 				column="URL" />
		<result property="filePath" 		column="FILEPATH" />
		<result property="cltYn" 			column="CLTYN" />
		<result property="cltCycle" 		column="CLTCYCLE" />
		<result property="cltDt" 			column="CLT_DT" />
		<result property="useYn" 			column="USEYN" />
		<result property="hdfsYn" 			column="HDFSYN" />
		<result property="hdfsCycle" 		column="HDFSCYCLE" />
		<result property="dbYn" 			column="DBYN" />
		<result property="dbCycle" 			column="DBCYCLE" />
		<result property="svcCycle" 		column="SVCCYCLE" />
		<result property="stgCycle" 		column="STGCYCLE" />
		<result property="tpChgYn" 			column="TP_CHGYN" />
		<result property="etlYn" 			column="ETLYN" />
		<result property="excepYn" 			column="EXCEPYN" />
		<result property="ppsYn" 			column="PPSYN" />
		<result property="epYn" 			column="EPYN" />
		<result property="stcanYn" 			column="STCANYN" />
		<result property="currentBaseYn" 	column="CURRENT_BASEYN" />
		<result property="retCode" 			column="RETCODE" />
		<result property="clctDesc" 		column="CLCTDESC" />
		<result property="createId" 		column="CREATEID" />
		<result property="createDt" 		column="CREATEDT" />	
		<result property="updateId" 		column="UPDATEID" />
		<result property="updateDt" 		column="UPDATEDT" />	
	</resultMap>
	
	<insert id="insertCollect" parameterType="com.ntels.nidp.mvc.comp.collect.domain.CollectVo" useGeneratedKeys="true" keyProperty="dataId">
		INSERT 
			T_NIDP_COLLECTDATA_INFO
			(
			AGENTID
			,DATACODE
			,DATANAME
			,DATATYPE
			,DATAURL
			,DATA_MIMETYPE
			,DATAHEADER
			,DATA_DELIMITER
			,LINE_DELIMITER
			,ITEMCNT
			,PERIOD
			,MAXSIZE
			,URL
			,FILEPATH
			,CLTYN
			,CLTCYCLE
			,CLT_DT
			,USEYN
			,HDFSYN
			,HDFSCYCLE
			,DBYN
			,DBCYCLE
			,SVCCYCLE
			,STGCYCLE
			,TP_CHGYN
			,ETLYN
			,EXCEPYN
			,PPSYN
			,EPYN
			,STCANYN
			,CURRENT_BASEYN
			,RETCODE
			,CLCTDESC
			,CREATEID
			,CREATEDT
			,UPDATEID
			,UPDATEDT
			)
		VALUES
			(
			#{agentId		, jdbcType=INTEGER} 
			,#{dataCode		, jdbcType=VARCHAR}
			,#{dataName		, jdbcType=VARCHAR}
			,#{dataType		, jdbcType=VARCHAR}
			,#{dataUrl		, jdbcType=VARCHAR}
			,#{dataMimeType	, jdbcType=VARCHAR}
			,#{dataHeader	, jdbcType=VARCHAR}
			,#{dataDelimiter, jdbcType=VARCHAR}
			,#{lineDelimiter, jdbcType=VARCHAR}
			,#{itemCnt		, jdbcType=INTEGER}
			,#{period		, jdbcType=INTEGER}
			,#{maxSize		, jdbcType=INTEGER}
			,#{url			, jdbcType=VARCHAR}
			,#{filePath		, jdbcType=VARCHAR}
			,#{cltYn		, jdbcType=VARCHAR}
			,#{cltCycle		, jdbcType=VARCHAR}
			,#{cltDt		, jdbcType=VARCHAR}
			,#{useYn		, jdbcType=VARCHAR}
			,#{hdfsYn		, jdbcType=VARCHAR}
			,#{hdfsCycle	, jdbcType=VARCHAR}
			,#{dbYn			, jdbcType=VARCHAR}
			,#{dbCycle		, jdbcType=VARCHAR}
			,#{svcCycle		, jdbcType=VARCHAR}
			,#{stgCycle		, jdbcType=VARCHAR}
			,#{tpChgYn		, jdbcType=VARCHAR}
			,#{etlYn		, jdbcType=VARCHAR}
			,#{excepYn		, jdbcType=VARCHAR}
			,#{ppsYn		, jdbcType=VARCHAR}
			,#{epYn			, jdbcType=VARCHAR}
			,#{stcanYn		, jdbcType=VARCHAR}
			,#{currentBaseYn, jdbcType=VARCHAR}
			,#{retCode		, jdbcType=INTEGER}
			,#{clctDesc		, jdbcType=VARCHAR}
			,#{createId		, jdbcType=VARCHAR}
			,sysdate()
			,#{createId		, jdbcType=VARCHAR}
			,sysdate()
			)
	</insert>
	
	<update id="updateCollect">
		UPDATE
			T_NIDP_COLLECTDATA_INFO
		SET
			AGENTID			=#{agentId		, jdbcType=INTEGER} 
			,DATACODE 		=#{dataCode		, jdbcType=VARCHAR}
			,DATANAME 		=#{dataName		, jdbcType=VARCHAR}
			,DATATYPE 		=#{dataType		, jdbcType=VARCHAR}
			,DATAURL 		=#{dataUrl		, jdbcType=VARCHAR}
			,DATA_MIMETYPE 	=#{dataMimeType	, jdbcType=VARCHAR}
			,DATAHEADER 	=#{dataHeader	, jdbcType=VARCHAR}
			,DATA_DELIMITER	=#{dataDelimiter, jdbcType=VARCHAR}
			,LINE_DELIMITER	=#{lineDelimiter, jdbcType=VARCHAR}
			,ITEMCNT 		=#{itemCnt		, jdbcType=INTEGER}
			,PERIOD			=#{period		, jdbcType=INTEGER}
			,MAXSIZE 		=#{maxSize		, jdbcType=INTEGER}
			,URL 			=#{url			, jdbcType=VARCHAR}
			,FILEPATH 		=#{filePath		, jdbcType=VARCHAR}
			,CLTYN 			=#{cltYn		, jdbcType=VARCHAR}
			,CLTCYCLE 		=#{cltCycle		, jdbcType=VARCHAR}
			,CLT_DT			=#{cltDt		, jdbcType=VARCHAR}
			,USEYN 			=#{useYn		, jdbcType=VARCHAR}
			,HDFSYN			=#{hdfsYn		, jdbcType=VARCHAR}
			,HDFSCYCLE		=#{hdfsCycle	, jdbcType=VARCHAR}
			,DBYN			=#{dbYn			, jdbcType=VARCHAR}
			,DBCYCLE		=#{dbCycle		, jdbcType=VARCHAR}
			,SVCCYCLE		=#{svcCycle		, jdbcType=VARCHAR}
			,STGCYCLE		=#{stgCycle		, jdbcType=VARCHAR}
			,TP_CHGYN		=#{tpChgYn		, jdbcType=VARCHAR}
			,ETLYN			=#{etlYn		, jdbcType=VARCHAR}
			,EXCEPYN		=#{excepYn		, jdbcType=VARCHAR}
			,PPSYN			=#{ppsYn		, jdbcType=VARCHAR}
			,EPYN			=#{epYn			, jdbcType=VARCHAR}
			,STCANYN		=#{stcanYn		, jdbcType=VARCHAR}
			,CURRENT_BASEYN	=#{currentBaseYn, jdbcType=VARCHAR}
			,RETCODE		=#{retCode		, jdbcType=INTEGER}
			,CLCTDESC		=#{clctDesc		, jdbcType=VARCHAR}
			,UPDATEID		=#{updateId		, jdbcType=VARCHAR}
			,UPDATEDT		=sysdate()
		WHERE
			DATAID		= #{dataId	 , jdbcType=INTEGER}
	</update>
	
	<delete id="deleteCollect">
		DELETE
		FROM
			T_NIDP_COLLECTDATA_INFO
		WHERE
			DATAID		= #{dataId	 , jdbcType=INTEGER}
	</delete>
	
	<select id="selectCollectAll" resultMap="collectVo">
		SELECT 
			*
		FROM 
			T_NIDP_COLLECTDATA_INFO
		ORDER BY 
			DATAID DESC
	</select>
	
	<select id="selectCollectbyId" resultMap="collectVo">
		SELECT 
			*
		FROM 
			T_NIDP_COLLECTDATA_INFO
		WHERE
			DATAID		= #{dataId	 , jdbcType=INTEGER}
	</select>
	
	<select id="selectbyDataUrl" parameterType="string" resultMap="collectVo">
		select 
			*
		from 
			T_NIDP_COLLECTDATA_INFO
		where
			dataurl	= #{dataurl}
	</select>
	
	<select id="countbyDataUrl" parameterType="string" resultType="int">
		select 
			count(dataid)
		from 
			T_NIDP_COLLECTDATA_INFO
		where
			dataurl	= #{dataurl}
	</select>
	
	<update id="updateCollectDataName">
		UPDATE
			T_NIDP_COLLECTDATA_INFO
		SET
			DATANAME = #{dataName}
		WHERE 
		    DATAID = #{dataId}	
	</update>
</mapper>