<?xml version="1.0" encoding="UTF-8"?>
<!DOCTYPE mapper PUBLIC "-//mybatis.org//DTD Mapper 3.0//EN"
 "http://mybatis.org/dtd/mybatis-3-mapper.dtd">


<mapper namespace="com.ntels.nidp.mvc.comp.hive.dao.FileMasterDao">

<!-- <resultMap id="fileMasterVo" type="com.ntels.nidp.mvc.comp.hive.domain.FileMasterVo">
	<result property="fileseq" column="fileseq"/>
	<result property="filenm" column="filenm"/>
	<result property="svrid" column="svrid"/>
	<result property="fileuri" column="fileuri"/>
	<result property="description" column="description"/>
	<result property="createid" column="createid"/>
	<result property="createdt" column="createdt"/>
	<result property="filetype" column="filetype"/>
	<result property="dataid" column="dataid"/>
</resultMap> -->

<insert id="insertFileMaster">
  INSERT
     T_FILEMASTER
     	(
	 	filenm
	 	,svrid
	 	,fileuri
	 	,description
	 	,createid
	 	,createdt
	 	,filetype
	 	,dataid
		)
  VALUES
     	(
	 	#{filenm}
	 	,#{svrid}
	 	,#{fileuri}
	 	,#{description}
	 	,#{createid}
	 	,sysdate()
	 	,#{filetype}
	 	,#{dataid}
		)
</insert>  

<update id="update">
  UPDATE
     T_FILEMASTER
  SET
     	(
	 	filenm = #{filenm}
	 	,svrid = #{svrid}
	 	,fileuri = #{fileuri}
	 	,desc = #{desc}
	 	,createid = #{createid}
	 	,createdt = sysdate()
	 	,filetype = #{filetype}
	 	,dataid = #{dataid}
		)
  WHERE
     	fileseq = #{fileseq}
</update>

<select id="getListById" parameterType="int" resultType="com.ntels.nidp.mvc.comp.hive.domain.FileMasterVo">
  SELECT 
    *
  FROM 
     T_FILEMASTER
  WHERE 
  	 dataid = #{dataid}   
  ORDER BY 
     fileseq DESC
</select>

<select id="selectAll" resultType="com.ntels.nidp.mvc.comp.hive.domain.FileMasterVo">
  SELECT 
    *
  FROM 
     T_FILEMASTER
  ORDER BY 
     fileseq DESC
</select>

<delete id="deleteFileMasterByDataId" parameterType="int">
	DELETE 
	FROM	
		T_FILEMASTER
	WHERE 
		dataId = #{dataId}
</delete>

</mapper>