<?xml version="1.0" encoding="UTF-8"?>
<!DOCTYPE mapper PUBLIC "-//mybatis.org//DTD Mapper 3.0//EN"

 "http://mybatis.org/dtd/mybatis-3-mapper.dtd">

<!--	파일명 : group.xml 내용 : group sql정의 콜랙터 관련 insert, select, update, delete
		작성자 : jhlim 
		작성일 : 2013.12.13 
 		개정이력 : 임시 
 -->

<mapper namespace="com.ntels.nidp.mvc.comp.group.dao.GroupDao">
	
	<resultMap id="groupVo" type="com.ntels.nidp.mvc.comp.group.domain.GroupVo">
		<result property="grpNo"		column="GRPNO" />
		<result property="grpNameM" 	column="GRPNAMEM" />
		<result property="parentGrpId"	column="PARENTGRPID" />
		<result property="grpDesc" 		column="GRPDESC" />
		<result property="useYn" 		column="USEYN" />
		<result property="createUser" 	column="CREATEUSER" />
		<result property="createDt" 	column="CREATEDT" />
		<result property="updateUser" 	column="UPDATEUSER" />
		<result property="updateDt" 	column="UPDATEDT" />
	</resultMap>

	<insert id="insertGroup">
		INSERT
			T_GROUPINFO
			(
			GRPNO
			,GRPNAMEM
			,PARENTGRPID
			,GRPDESC
			,USEYN
			,CREATEUSER
			,CREATEDT
			,UPDATEUSER
			,UPDATEDT
			)
		VALUES
			(
			#{grpNo			, jdbcType=INTEGER}
			,#{grpNameM 	, jdbcType=VARCHAR}
			,#{parentGrpId 	, jdbcType=INTEGER}
			,#{grpDesc 		, jdbcType=VARCHAR}
			,#{useYn 		, jdbcType=VARCHAR}
			,#{createUser 	, jdbcType=INTEGER}
			,sysdate()
			,#{createUser 	, jdbcType=INTEGER}
			,sysdate()
			)
	</insert>
	
	<update id="updateGroup">
		UPDATE
			T_GROUPINFO
		SET
			GRPNAMEM	=#{grpNameM 	, jdbcType=VARCHAR}
			,PARENTGRPID=#{parentGrpId	, jdbcType=INTEGER}
			,GRPDESC	=#{grpDesc 		, jdbcType=VARCHAR}
			,USEYN		=#{useYn 		, jdbcType=VARCHAR}
			,UPDATEUSER	=#{updateUser 	, jdbcType=INTEGER}
			,UPDATEDT	=sysdate()
		WHERE
			GRPNO		=#{grpNo 		, jdbcType=INTEGER}
	</update>
	
	<delete id="deleteGroup">
		DELETE 
		FROM 
			T_GROUPINFO 
		WHERE 
			GRPNO		=#{grpNo 		, jdbcType=INTEGER}
	</delete>

	<sql id="SelectDefault">
		SELECT
			F.GRPNO			AS GRPNO
			,F.GRPNAMEM 	AS GRPNAMEM
			,F.PARENTGRPID	AS PARENTGRPID
			,S.GRPNAMEM		AS PARENTGRPNAME
			,F.GRPDESC		AS GRPDESC
			,F.USEYN		AS USEYN
			,F.CREATEUSER	AS CREATEUSER
			,F.CREATEDT		AS CREATEDT
			,F.UPDATEUSER	AS UPDATEUSER
			,F.UPDATEDT		AS UPDATEDT
		FROM
			T_GROUPINFO AS F
		LEFT JOIN
			T_GROUPINFO AS S
		ON
			F.PARENTGRPID=S.GRPNO
		WHERE
			1=1
		/*
		WHERE
			F.USEYN='Y'
		*/
	</sql>
	
	<select id="selectGroupAll" resultMap="groupVo">
		<include refid="SelectDefault" />
		ORDER BY
			GRPNO ASC
	</select>
	
	<select id="selectGroupbyNo" resultMap="groupVo">
		<include refid="SelectDefault" />
		AND
			F.GRPNO	=#{grpNo, jdbcType=INTEGER}
	</select>

	<select id="selectGroupbyInput" resultMap="groupVo">
		<include refid="SelectDefault" />
		<if test="grpNo!=null and grpNo!=0">
		AND
			F.GRPNO	=#{grpNo, jdbcType=INTEGER}
		</if>
		<if test="grpNameM!=null and grpNameM!=''">
		AND
			F.GRPNAMEM LIKE CONCAT('%', #{grpNameM, jdbcType=VARCHAR}, '%')
		</if>
		<if test="parentGrpId!=null and parentGrpId!=0">
		AND
			F.PARENTGRPID =#{parentGrpId, jdbcType=INTEGER}
		</if>
		<if test="parentGrpName!=null and parentGrpName!=''"> 
		AND
			S.GRPNAMEM LIKE CONCAT('%', #{parentGrpName, jdbcType=VARCHAR}, '%')
		</if>
		<if test="grpDesc!=null and grpDesc!=''">
		AND
			F.GRPDESC LIKE CONCAT('%', #{grpDesc, jdbcType=VARCHAR}, '%')
		</if>
		ORDER BY
			GRPNO ASC
	</select>

	<select id="selectTotalCount" resultType="Integer">
		SELECT
			COUNT(*) AS TOTAL
		FROM
			T_GROUPINFO
	</select>

</mapper>
