<?xml version="1.0" encoding="UTF-8"?>
<!DOCTYPE mapper PUBLIC "-//mybatis.org//DTD Mapper 3.0//EN"
 "http://mybatis.org/dtd/mybatis-3-mapper.dtd">


<mapper namespace="com.ntels.nidp.mvc.comp.hive.dao.HiveqlDao">

<resultMap id="hiveqlVo" type="com.ntels.nidp.mvc.comp.hive.domain.HiveqlVo">
	<result property="hivemoduleid" column="hivemoduleid"/>
	<result property="modulenm" column="modulenm"/>
	<result property="script" column="script"/>
	<result property="qltype" column="qltype"/>
	<result property="createid" column="createid"/>
	<result property="createdt" column="createdt"/>
	<result property="useyn" column="useyn"/>
	<result property="dataid" column="dataid"/>
	<result property="analyzeseq" column="analyzeseq"/>
</resultMap>

<insert id="insertHiveql">
  INSERT
     T_HIVEQL
     	(
	 	modulenm
	 	,script
	 	,qltype
	 	,createid
	 	,createdt
	 	,useyn
	 	,dataid
	 	,analyzeseq
		)
  VALUES
     	(
	 	#{modulenm}
	 	,#{script}
	 	,#{qltype}
	 	,#{createid}
	 	,sysdate()
	 	,#{useyn}
	 	,#{dataid}
	 	,#{analyzeseq}
		)
</insert>  

<update id="updateHiveqlVo">
  UPDATE
     T_HIVEQL
  SET
 	 modulenm = #{modulenm}
 	 ,script = #{script}
 	 ,qltype = #{qltype}
 	 ,useyn = #{useyn}
  WHERE
     hivemoduleid = #{hivemoduleid}
</update>

<select id="getHiveqlListAll" resultType="com.ntels.nidp.mvc.comp.hive.domain.HiveqlVo">
  SELECT 
    *
  FROM 
     T_HIVEQL
  ORDER BY 
     hivemoduleid DESC
</select>
            
<select id="getHiveqlListById" parameterType="com.ntels.nidp.mvc.comp.hive.domain.HiveqlVo" resultType="com.ntels.nidp.mvc.comp.hive.domain.HiveqlVo">
  SELECT 
    *
  FROM 
     T_HIVEQL
  WHERE
     analyzeseq	= #{analyzeseq}
  ORDER BY 
     hivemoduleid DESC    
</select>

<select id="getHiveqlById" resultType="com.ntels.nidp.mvc.comp.hive.domain.HiveqlVo">
  SELECT 
    *
  FROM 
     T_HIVEQL
  WHERE
     hivemoduleid = #{hivemoduleid}
</select>

<delete id="delHiveqlVo">
	DELETE
	FROM 
		T_HIVEQL
	WHERE
		hivemoduleid = #{hivemoduleid}
</delete>

<delete id="deleteHiveqlByDataId" parameterType="int">
	DELETE
	FROM 
		T_HIVEQL
	WHERE
		dataid = #{dataId}
</delete>

</mapper>