<?xml version="1.0" encoding="UTF-8"?>
<!DOCTYPE mapper PUBLIC "-//mybatis.org//DTD Mapper 3.0//EN"
 "http://mybatis.org/dtd/mybatis-3-mapper.dtd">

<mapper namespace="com.ntels.nidp.mvc.comp.hive.dao.JobexehisDao">

<resultMap id="jobexehisVo" type="com.ntels.nidp.mvc.comp.hive.domain.JobexehisVo">
	<result property="seq" column="seq"/>
	<result property="statuscd" column="statuscd"/>
	<result property="startdt" column="startdt"/>
	<result property="enddt" column="enddt"/>
	<result property="elementcd" column="elementcd"/>
	<result property="modtype" column="modtype"/>
	<result property="termtype" column="termtype"/>
	<result property="moduleid" column="moduleid"/>
	<result property="inputfile" column="inputfile"/>
	<result property="outputpath" column="outputpath"/>
	<result property="outputfilenm" column="outputfilenm"/>
	
</resultMap>

<insert id="insertJobexehisVo" parameterType="com.ntels.nidp.mvc.comp.hive.domain.JobexehisVo" useGeneratedKeys="true" keyProperty="seq">
	INSERT
		T_JOBEXEHIS
		(
		statuscd
		,startdt
		,elementcd
		,modtype
		,termtype
		,moduleid
		,inputfile
		,outputpath
		,outputfilenm
		)
	VALUES
		(
		#{statuscd}
		,sysdate()
		,#{elementcd}
		,#{modtype}
		,#{termtype}
		,#{moduleid}
		,#{inputfile}
		,#{outputpath}
		,#{outputfilenm}
		)
</insert>  

<update id="updateJobexehisVo">
	UPDATE
		T_JOBEXEHIS
	SET
		statuscd=#{statuscd}
		,enddt=sysdate()
		,outputfilenm=#{outputfilenm}
	WHERE
		seq = #{seq}
</update>

<select id="getJobexehisVoListAll" resultType="com.ntels.nidp.mvc.comp.hive.domain.JobexehisVo">
	SELECT 
		*
	FROM 
		T_JOBEXEHIS
	ORDER BY 
		seq DESC
</select>

<select id="getJobexehisVoById" resultType="com.ntels.nidp.mvc.comp.hive.domain.JobexehisVo">
	SELECT 
		*
	FROM 
		T_JOBEXEHIS
	WHERE
		seq = #{seq}
</select>

</mapper>