<?xml version="1.0" encoding="UTF-8"?>
<!DOCTYPE mapper PUBLIC "-//mybatis.org//DTD Mapper 3.0//EN"

 "http://mybatis.org/dtd/mybatis-3-mapper.dtd">

<!-- 파일명 : twitter_sql.xml 내용 : SQL정의 콜랙터 관련 insert,update,delete,select 
	처리 작성자 : hskang 
	작성일 : 2013.11.25 
 개정이력 : 임시 
 
 -->
 
<mapper namespace="com.ntels.nidp.mvc.comp.twitter.dao.TwdataDao">
	<select id="selectAllWordList" resultType="com.ntels.nidp.mvc.comp.twitter.domain.WordTrendVo">
		select 
			*
		from 
			T_TWTWORDTREND
		ORDER BY CNTS DESC
		LIMIT 300
	</select>
	
	<!-- SUBDATE(NOW(), INTERVAL 60 MINUTE); -->   <!-- MySQL 1시간전 시간 구하기 -->
	
	<select id="select5MinWordList" resultType="com.ntels.nidp.mvc.comp.twitter.domain.WordTrendVo">
		SELECT 
			B.word
			, SUM(B.cnts) AS cnts
			, B.wType
			, B.dateTimes
			, B.rowSeq 
		FROM 
			T_TWTWORDTREND B 
		WHERE 
			word = B.word 
			AND
				B.datetimes > DATE_FORMAT(SUBDATE(NOW(), INTERVAL 5 MINUTE) ,'%Y%m%d%H%i')	
				<!-- datetimeS BETWEEN  DATE_FORMAT(SUBDATE(NOW(), INTERVAL 5 MINUTE) ,'%Y%m%d%H%s') AND  DATE_FORMAT(SUBDATE(NOW(), INTERVAL 1 MINUTE) ,'%Y%m%d%H%s') -->
		GROUP BY word ORDER BY cnts DESC
		LIMIT 150
	</select>
	
	<select id="select5MinUrlList" resultType="com.ntels.nidp.mvc.comp.twitter.domain.WordUrlVo">
	SELECT 
			B.word,
			B.urls
			, SUM(B.cnts) AS cnts
			, B.datetimes
		FROM 
			T_URLWORDMAP B 
		WHERE 
			word = B.word 
		AND
			datetimes > DATE_FORMAT(SUBDATE(NOW(), INTERVAL 5 MINUTE) ,'%Y%m%d%H%i')	
		<!--  datetimeS BETWEEN  DATE_FORMAT(SUBDATE(NOW(), INTERVAL 5 MINUTE) ,'%Y%m%d%H%s') AND  DATE_FORMAT(SUBDATE(NOW(), INTERVAL 1 MINUTE) ,'%Y%m%d%H%s')
		 and word IN('집착','남방') -->
		GROUP BY word ORDER BY cnts DESC
		LIMIT 100
	</select>
	
	<select id="select30SecHitList" resultType="com.ntels.nidp.mvc.comp.twitter.domain.HitSecVo">
		SELECT
			A.DATES
			, A.TIMESEC
			, A.DATETIME
			, A.HITCNT
		FROM (
			SELECT 
				DATES AS DATES
				, TIMESEC AS TIMESEC
				, CONCAT(DATES, TIMESEC) AS DATETIME
				, HITCNT AS HITCNT
			FROM 
				T_TWTHITSEC
			ORDER BY 
				DATETIME
			) AS A
		WHERE 
			A.DATETIME > DATE_FORMAT(SUBDATE(#{startTime, jdbcType=VARCHAR}, INTERVAL 240 SECOND),'%x%m%d%H%i%s')
		AND
			A.DATETIME > #{lastTime, jdbcType=VARCHAR}
	</select>
	
</mapper>

