<?xml version="1.0" encoding="UTF-8"?>
<!DOCTYPE mapper PUBLIC "-//mybatis.org//DTD Mapper 3.0//EN"

 "http://mybatis.org/dtd/mybatis-3-mapper.dtd">

<!-- 파일명 : user_sql.xml 내용 : userInfo SQL정의 콜랙터 관련 insert,update,delete,select 
	  처리 작성자 : hskang 
	  작성일 : 2013.10.05 
	  개정이력 : 임시 
 -->
 
<mapper namespace="com.ntels.nidp.mvc.comp.user.dao.UserDao">
	<resultMap id="userVo" type="com.ntels.nidp.mvc.comp.user.domain.UserVo">
		<result property="userNo"		column="USERNO" />
		<result property="userId"		column="USERID" />
		<result property="pwd"			column="PWD" />
		<result property="userType"		column="USERTYPE" />
		<result property="userName"		column="USERNAME" />
		<result property="email"		column="EMAIL" />
		<result property="phone"		column="PHONE" />
		<result property="hp"			column="HP" />
		<result property="useYn"		column="USEYN" />
		<result property="sysAdmYn"		column="SYSADMYN" />
		<result property="grpNo"		column="GRPNO" />
		<result property="creUserNo"	column="CREUSERNO" />
		<result property="createDt"		column="CREATEDT" />
		<result property="updUserNo"	column="UPDUSERNO" />
		<result property="updateDt"		column="UPDATEDT" />
	</resultMap>

	<!--
	<select id="selectAllUserList" resultType="com.ntels.nidp.mvc.comp.user.domain.UserInfo">
		select 
			*
		from 
			T_USERINFO
	</select>
	-->
	
	<insert id="insertUser">
		INSERT
			T_USERINFO
			(
			USERID
			,PWD
			,USERTYPE
			,USERNAME
			,EMAIL
			,PHONE
			,HP
			,USEYN
			,SYSADMYN
			,GRPNO
			,CREUSERNO
			,CREATEDT
			,UPDUSERNO
			,UPDATEDT
			)
			VALUES
			(
			#{userId		, jdbcType=VARCHAR}
			,#{pwd			, jdbcType=VARCHAR}
			,#{userType		, jdbcType=VARCHAR}
			,#{userName		, jdbcType=VARCHAR}
			,#{email		, jdbcType=VARCHAR}
			,#{phone		, jdbcType=VARCHAR}
			,#{hp			, jdbcType=VARCHAR}
			,#{useYn		, jdbcType=VARCHAR}
			,#{sysAdmYn		, jdbcType=VARCHAR}
			,#{grpNo		, jdbcType=INTEGER}
			,#{creUserNo	, jdbcType=INTEGER}
			,sysdate()
			,#{creUserNo	, jdbcType=INTEGER}
			,sysdate()
			)
	</insert>
	
	<update id="updateUser">
		UPDATE
			T_USERINFO
		SET
			USERID 		=#{userId		, jdbcType=VARCHAR}
			,PWD 		=#{pwd			, jdbcType=VARCHAR}
			,USERTYPE 	=#{userType		, jdbcType=VARCHAR}
			,USERNAME 	=#{userName		, jdbcType=VARCHAR}
			,EMAIL 		=#{email		, jdbcType=VARCHAR}
			,PHONE 		=#{phone		, jdbcType=VARCHAR}
			,HP 		=#{hp			, jdbcType=VARCHAR}
			,USEYN 		=#{useYn		, jdbcType=VARCHAR}
			,SYSADMYN 	=#{sysAdmYn		, jdbcType=VARCHAR}
			,GRPNO 		=#{grpNo		, jdbcType=INTEGER}
			,UPDUSERNO	=#{updUserNo	, jdbcType=INTEGER}
			,UPDATEDT 	=sysdate()
		WHERE
			USERNO		=#{userNo		, jdbcType=INTEGER}
		
	</update>

	<delete id="deleteUser">
		DELETE
		FROM
			T_USERINFO
		WHERE
			USERNO		=#{userNo		, jdbcType=INTEGER}
		
	</delete>

	<select id="selectUserAll" resultMap="userVo">
		SELECT
			*
		FROM
			T_USERINFO
		ORDER BY
			USERNO ASC
	</select>
	
	<select id="selectUserbyNo" resultMap="userVo">
		SELECT
			*
		FROM
			T_USERINFO
		WHERE
			USERNO		=#{userNo		, jdbcType=INTEGER}
	</select>
	
	<select id="selectUserbyId" resultMap="userVo">
		SELECT
			*
		FROM
			T_USERINFO
		WHERE
			USERID		=#{userId		, jdbcType=VARCHAR}	
	</select>
	
	<select id="selectUserbyGrpNo" resultMap="userVo">
		SELECT
			*
		FROM
			T_USERINFO
		WHERE
			GRPNO		=#{grpNo		, jdbcType=INTEGER}
	</select>

	<select id="selectUserbyInput" resultMap="userVo">
		SELECT 
			U.USERNO AS USERNO
			,U.USERID	AS USERID
			,U.PWD AS PWD
			,U.USERTYPE AS USERTYPE
			,U.USERNAME AS USERNAME
			,U.EMAIL AS EMAIL
			,U.PHONE AS PHONE
			,U.HP AS HP
			,U.USEYN AS USEYN
			,U.SYSADMYN AS SYSADMYN
			,U.GRPNO AS GRPNO
			,G.GRPNAMEM AS GRPNAMEM
			,U.CREUSERNO AS CREUSERNO
			,U.CREATEDT AS CREATEDT
			,U.UPDUSERNO AS UPDUSERNO
			,U.UPDATEDT AS UPDATEDT
		FROM
			T_USERINFO AS U
		JOIN
			T_GROUPINFO AS G
		ON
			U.GRPNO=G.GRPNO
		WHERE
			1=1
		<if test="grpNo!=null and grpNo!=0">
		AND
			U.GRPNO		=#{grpNo		, jdbcType=INTEGER}
		</if>
		<if test="userName!=null and userName!=''">
		AND
			U.USERNAME LIKE CONCAT('%', #{userName, jdbcType=VARCHAR}, '%')
		</if>
		ORDER BY
			U.GRPNO ASC
	</select>
	
	<select id="selectTotalCount" resultType="integer">
		SELECT
			COUNT(*) AS TOTAL
		FROM
			T_USERINFO
	</select>
</mapper>
