<?xml version="1.0" encoding="UTF-8"?>
<beans xmlns="http://www.springframework.org/schema/beans"
	xmlns:xsi="http://www.w3.org/2001/XMLSchema-instance" xmlns:aop="http://www.springframework.org/schema/aop"
	xmlns:tx="http://www.springframework.org/schema/tx"
	xsi:schemaLocation="http://www.springframework.org/schema/beans http://www.springframework.org/schema/beans/spring-beans-3.0.xsd
                http://www.springframework.org/schema/aop http://www.springframework.org/schema/aop/spring-aop-3.0.xsd
                http://www.springframework.org/schema/tx http://www.springframework.org/schema/tx/spring-tx-3.0.xsd">

	<bean id="propertyPlaceholderConfigurer"
		class="org.springframework.beans.factory.config.PropertyPlaceholderConfigurer">
		<property name="locations">
			<value>classpath:conf/mybatis.properties</value>
		</property>
	</bean>

	<bean id="dataSource" class="org.apache.commons.dbcp.BasicDataSource"
		destroy-method="close">
		<property name="driverClassName" value="${jdbc.driverClassName}" />
		<property name="url" value="${jdbc.url}" />
		<property name="username" value="${jdbc.username}" />
		<property name="password" value="${jdbc.password}" />
	</bean>


	<!-- http://groups.google.com/group/ksug/browse_thread/thread/766cd1fd8ba39c96 -->
	<bean id="sqlSessionFactory" class="org.mybatis.spring.SqlSessionFactoryBean">
		<property name="dataSource" ref="dataSource" />
		<property name="mapperLocations" value="classpath*:sql/**/*.xml" />
	</bean>

	<bean id="sqlSession" class="org.mybatis.spring.SqlSessionTemplate">
		<constructor-arg index="0" ref="sqlSessionFactory" />
	</bean>

	<bean id="transactionManager"
		class="org.springframework.jdbc.datasource.DataSourceTransactionManager">
		<property name="dataSource" ref="dataSource" />
	</bean>

	<bean id="transactionTemplate"
		class="org.springframework.transaction.support.TransactionTemplate">
		<property name="transactionManager" ref="transactionManager" />
	</bean>

	<bean id="userDao" class="com.ntels.nidp.mvc.comp.user.dao.UserDaoImpl">
		<property name="sqlSession" ref="sqlSession" />
	</bean>
	
	<bean id="twdataDao" class="com.ntels.nidp.mvc.comp.twitter.dao.TwdataDaoImpl">
		<property name="sqlSession" ref="sqlSession" />
	</bean>
	
	<bean id="agentDao" class="com.ntels.nidp.mvc.comp.agent.dao.AgentDaoImpl">
		<property name="sqlSession" ref="sqlSession" />
	</bean>
	
	<bean id="collectDao" class="com.ntels.nidp.mvc.comp.collect.dao.CollectDaoImpl">
		<property name="sqlSession" ref="sqlSession" />
	</bean>
	
	<bean id="groupDao" class="com.ntels.nidp.mvc.comp.group.dao.GroupDaoImpl">
		<property name="sqlSession" ref="sqlSession" />
	</bean>
	
	<bean id="authRoleDao" class="com.ntels.nidp.mvc.comp.authrole.dao.AuthRoleDaoImpl">
		<property name="sqlSession" ref="sqlSession" />
	</bean>
		<bean id="fileMasterDao" class="com.ntels.nidp.mvc.comp.hive.dao.FileMasterDaoImpl">
		<property name="sqlSession" ref="sqlSession" />
	</bean>
	
	<bean id="analyzermetaDao" class="com.ntels.nidp.mvc.comp.hive.dao.AnalyzermetaDaoImpl">
		<property name="sqlSession" ref="sqlSession" />
	</bean>
	
	<bean id="hiveqlDao" class="com.ntels.nidp.mvc.comp.hive.dao.HiveqlDaoImpl">
		<property name="sqlSession" ref="sqlSession" />
	</bean>
	
	<bean id="jobexehisDao" class="com.ntels.nidp.mvc.comp.hive.dao.JobexehisDaoImpl">
		<property name="sqlSession" ref="sqlSession" />
	</bean>
</beans>
